<?xml version="1.0"?>
<Review author="ph" product_idurl="samsung_flight_sgh_a797" date="2009/12/23 11:42:09">
  <FeatureOpinion idurl="overall_expert_rating">
    <!--<tip usage="take picture at night" intensity="pro" confidence="1.0" >...</Tip>-->
    <!--<better_than predicate="" />-->
    <!--<same_as predicate="" />-->
    <!--<worse_than predicate="" />-->
    <!--<rated min_rating="0" max_rating="5">3</Rated>-->
    <Rated min_rating="0" max_rating="10"/>
  </FeatureOpinion>
  <FeatureOpinion idurl="overall_user_rating">
    <!--<tip usage="take picture at night" intensity="pro" confidence="1.0" >...</Tip>-->
    <!--<better_than predicate="" />-->
    <!--<same_as predicate="" />-->
    <!--<worse_than predicate="" />-->
    <!--<rated min_rating="0" max_rating="5">3</Rated>-->
    <Rated min_rating="0" max_rating="10"/>
  </FeatureOpinion>
  <FeatureOpinion idurl="screen_rating">
    <!--<tip usage="take picture at night" intensity="pro" confidence="1.0" >...</Tip>-->
    <!--<better_than predicate="" />-->
    <!--<same_as predicate="" />-->
    <!--<worse_than predicate="" />-->
    <!--<rated min_rating="0" max_rating="5">3</Rated>-->
    <Rated min_rating="0" max_rating="10"/>
  </FeatureOpinion>
  <FeatureOpinion idurl="design_construction_rating">
    <!--<tip usage="take picture at night" intensity="pro" confidence="1.0" >...</Tip>-->
    <!--<better_than predicate="" />-->
    <!--<same_as predicate="" />-->
    <!--<worse_than predicate="" />-->
    <!--<rated min_rating="0" max_rating="5">3</Rated>-->
    <Rated min_rating="0" max_rating="10"/>
  </FeatureOpinion>
  <FeatureOpinion idurl="controls_navigation_rating">
    <!--<tip usage="take picture at night" intensity="pro" confidence="1.0" >...</Tip>-->
    <!--<better_than predicate="" />-->
    <!--<same_as predicate="" />-->
    <!--<worse_than predicate="" />-->
    <!--<rated min_rating="0" max_rating="5">3</Rated>-->
    <Rated min_rating="0" max_rating="10"/>
  </FeatureOpinion>
  <FeatureOpinion idurl="keyboard_input_rating">
    <!--<tip usage="take picture at night" intensity="pro" confidence="1.0" >...</Tip>-->
    <!--<better_than predicate="" />-->
    <!--<same_as predicate="" />-->
    <!--<worse_than predicate="" />-->
    <!--<rated min_rating="0" max_rating="5">3</Rated>-->
    <Rated min_rating="0" max_rating="10"/>
  </FeatureOpinion>
  <FeatureOpinion idurl="battery_life_rating">
    <!--<tip usage="take picture at night" intensity="pro" confidence="1.0" >...</Tip>-->
    <!--<better_than predicate="" />-->
    <!--<same_as predicate="" />-->
    <!--<worse_than predicate="" />-->
    <!--<rated min_rating="0" max_rating="5">3</Rated>-->
    <Rated min_rating="0" max_rating="10"/>
  </FeatureOpinion>
  <FeatureOpinion idurl="camera_rating">
    <!--<tip usage="take picture at night" intensity="pro" confidence="1.0" >...</Tip>-->
    <!--<better_than predicate="" />-->
    <!--<same_as predicate="" />-->
    <!--<worse_than predicate="" />-->
    <!--<rated min_rating="0" max_rating="5">3</Rated>-->
    <Rated min_rating="0" max_rating="10"/>
  </FeatureOpinion>
  <FeatureOpinion idurl="gps_rating">
    <!--<tip usage="take picture at night" intensity="pro" confidence="1.0" >...</Tip>-->
    <!--<better_than predicate="" />-->
    <!--<same_as predicate="" />-->
    <!--<worse_than predicate="" />-->
    <!--<rated min_rating="0" max_rating="5">3</Rated>-->
    <Rated min_rating="0" max_rating="10"/>
  </FeatureOpinion>
  <FeatureOpinion idurl="connectivity_internet_rating">
    <!--<tip usage="take picture at night" intensity="pro" confidence="1.0" >...</Tip>-->
    <!--<better_than predicate="" />-->
    <!--<same_as predicate="" />-->
    <!--<worse_than predicate="" />-->
    <!--<rated min_rating="0" max_rating="5">3</Rated>-->
    <Rated min_rating="0" max_rating="10"/>
  </FeatureOpinion>
  <FeatureOpinion idurl="messaging_rating">
    <!--<tip usage="take picture at night" intensity="pro" confidence="1.0" >...</Tip>-->
    <!--<better_than predicate="" />-->
    <!--<same_as predicate="" />-->
    <!--<worse_than predicate="" />-->
    <!--<rated min_rating="0" max_rating="5">3</Rated>-->
    <Rated min_rating="0" max_rating="10"/>
  </FeatureOpinion>
  <FeatureOpinion idurl="contacts_rating">
    <!--<tip usage="take picture at night" intensity="pro" confidence="1.0" >...</Tip>-->
    <!--<better_than predicate="" />-->
    <!--<same_as predicate="" />-->
    <!--<worse_than predicate="" />-->
    <!--<rated min_rating="0" max_rating="5">3</Rated>-->
    <Rated min_rating="0" max_rating="10"/>
  </FeatureOpinion>
  <FeatureOpinion idurl="call_rating">
    <!--<tip usage="take picture at night" intensity="pro" confidence="1.0" >...</Tip>-->
    <!--<better_than predicate="" />-->
    <!--<same_as predicate="" />-->
    <!--<worse_than predicate="" />-->
    <!--<rated min_rating="0" max_rating="5">3</Rated>-->
    <Rated min_rating="0" max_rating="10"/>
  </FeatureOpinion>
  <FeatureOpinion idurl="functionality_performance_rating">
    <!--<tip usage="take picture at night" intensity="pro" confidence="1.0" >...</Tip>-->
    <!--<better_than predicate="" />-->
    <!--<same_as predicate="" />-->
    <!--<worse_than predicate="" />-->
    <!--<rated min_rating="0" max_rating="5">3</Rated>-->
    <Rated min_rating="0" max_rating="10"/>
  </FeatureOpinion>
  <FeatureOpinion idurl="user_interface_rating">
    <!--<tip usage="take picture at night" intensity="pro" confidence="1.0" >...</Tip>-->
    <!--<better_than predicate="" />-->
    <!--<same_as predicate="" />-->
    <!--<worse_than predicate="" />-->
    <!--<rated min_rating="0" max_rating="5">3</Rated>-->
    <Rated min_rating="0" max_rating="10"/>
  </FeatureOpinion>
  <FeatureOpinion idurl="security_management_rating">
    <!--<tip usage="take picture at night" intensity="pro" confidence="1.0" >...</Tip>-->
    <!--<better_than predicate="" />-->
    <!--<same_as predicate="" />-->
    <!--<worse_than predicate="" />-->
    <!--<rated min_rating="0" max_rating="5">3</Rated>-->
    <Rated min_rating="0" max_rating="10"/>
  </FeatureOpinion>
  <FeatureOpinion idurl="storage_syncing_rating">
    <!--<tip usage="take picture at night" intensity="pro" confidence="1.0" >...</Tip>-->
    <!--<better_than predicate="" />-->
    <!--<same_as predicate="" />-->
    <!--<worse_than predicate="" />-->
    <!--<rated min_rating="0" max_rating="5">3</Rated>-->
    <Rated min_rating="0" max_rating="10"/>
  </FeatureOpinion>
  <FeatureOpinion idurl="productivity_rating">
    <!--<tip usage="take picture at night" intensity="pro" confidence="1.0" >...</Tip>-->
    <!--<better_than predicate="" />-->
    <!--<same_as predicate="" />-->
    <!--<worse_than predicate="" />-->
    <!--<rated min_rating="0" max_rating="5">3</Rated>-->
    <Rated min_rating="0" max_rating="10"/>
  </FeatureOpinion>
  <FeatureOpinion idurl="apps_rating">
    <!--<tip usage="take picture at night" intensity="pro" confidence="1.0" >...</Tip>-->
    <!--<better_than predicate="" />-->
    <!--<same_as predicate="" />-->
    <!--<worse_than predicate="" />-->
    <!--<rated min_rating="0" max_rating="5">3</Rated>-->
    <Rated min_rating="0" max_rating="10"/>
  </FeatureOpinion>
  <FeatureOpinion idurl="media_rating">
    <!--<tip usage="take picture at night" intensity="pro" confidence="1.0" >...</Tip>-->
    <!--<better_than predicate="" />-->
    <!--<same_as predicate="" />-->
    <!--<worse_than predicate="" />-->
    <!--<rated min_rating="0" max_rating="5">3</Rated>-->
    <Rated min_rating="0" max_rating="10"/>
  </FeatureOpinion>
  <FeatureOpinion idurl="music_rating">
    <!--<tip usage="take picture at night" intensity="pro" confidence="1.0" >...</Tip>-->
    <!--<better_than predicate="" />-->
    <!--<same_as predicate="" />-->
    <!--<worse_than predicate="" />-->
    <!--<rated min_rating="0" max_rating="5">3</Rated>-->
    <Rated min_rating="0" max_rating="10"/>
  </FeatureOpinion>
  <FeatureOpinion idurl="video_rating">
    <!--<tip usage="take picture at night" intensity="pro" confidence="1.0" >...</Tip>-->
    <!--<better_than predicate="" />-->
    <!--<same_as predicate="" />-->
    <!--<worse_than predicate="" />-->
    <!--<rated min_rating="0" max_rating="5">3</Rated>-->
    <Rated min_rating="0" max_rating="10"/>
  </FeatureOpinion>
</Review>
