<?xml version="1.0"?>
<Knowledge label="Cell Phones">

	<sub_features>
		<FeatureRating idurl="overall_expert_rating" label="Expert Rating" min_rating="0" max_rating="10" user_category="expert"/>
		<FeatureRating idurl="overall_user_rating" label="User Rating" min_rating="0" max_rating="10" user_category="user"/>
		<FeatureImage  idurl="main_image" label="Product Picture" />
		<FeatureUrl  idurl="main_url" label="URL" />
		<FeatureTextarea idurl="description" label="Product Description" />

		<FeatureTags idurl="brand" label="Brand" is_exclusive="true">
			<tags>
				<Tag idurl="apple" label="Apple"/>
				<Tag idurl="blackberry" label="RIM Blackberry"/>
				<Tag idurl="casio" label="Casio"/>
				<Tag idurl="htc" label="HTC"/>
				<Tag idurl="lg_electronics" label="LG Electronics"/>
				<Tag idurl="motorola" label="Motorola"/>
				<Tag idurl="nokia" label="Nokia"/>
				<Tag idurl="palm" label="Palm"/>
				<Tag idurl="pantech" label="Pantech"/>
				<Tag idurl="samsung" label="Samsung"/>
				<Tag idurl="sanyo" label="Sanyo"/>
				<Tag idurl="siemens" label="Siemens"/>
				<Tag idurl="sony_ericsson" label="Sony Ericsson"/>
			</tags>
		</FeatureTags>

		<FeatureTags idurl="carriers" label="Carriers" is_exclusive="true">
			<tags>
				<Tag idurl="att" label="ATamp;T"/>
				<Tag idurl="sprint" label="Sprint"/>
				<Tag idurl="t_mobile" label="T-Mobile"/>
				<Tag idurl="verizon" label="Verizon"/>
				<Tag idurl="prepaid" label="prepaid card"/>
				<Tag idurl="unlocked" label="unlocked"/>
			</tags>
		</FeatureTags>
        <FeatureTags idurl="carrier_compatibility" label="Carrier Compatibility" is_exclusive="false">
            <tags>
                <Tag idurl="att" label="ATamp;T"/>
                <Tag idurl="sprint" label="Sprint"/>
                <Tag idurl="t_mobile" label="T-Mobile"/>
                <Tag idurl="verizon" label="Verizon"/>
            </tags>
        </FeatureTags>

		<FeatureText idurl="nickname" label="Nickname"/> 

		<FeatureTags idurl="phone_category" label="Phone Category" is_exclusive="true">
			<tags>
				<Tag idurl="cell_phone" label="Cell Phone"/>
				<Tag idurl="smartphone" label="Smartphone"/>
				<Tag idurl="messaging_phone" label="Messaging phone"/>
				<Tag idurl="camera_phone" label="Camera phone"/>
				<Tag idurl="media_phone" label="Media phone"/>
			</tags>
		</FeatureTags>

		<FeatureDate idurl="release_date" label="Release Date" format="%Y/%m/%d %H:%M:%S" value_min="2000/01/01 00:00:00" value_max="2020/01/01 00:00:00" />
		<FeatureTags idurl="release_status" label="Release Status" is_exclusive="true" is_optional="true">
			<tags>
				<Tag idurl="released" label="Released"/>
				<Tag idurl="announced" label="Announced"/>
				<Tag idurl="leaked" label="Leaked"/>
			</tags>
		</FeatureTags>

        <FeatureNumeric idurl="unsubsidized_price" label="Unsubsidized Price" format="% .2f$" value_min="0.0" value_max="1000.0"/>
        <FeatureNumeric idurl="special_carrier_promotion" label="Special [Carrier] Promotion" format="% .2f$" value_min="0.0" value_max="1000.0"/>
        <FeatureNumeric idurl="subsidized_price" label="Subsidized price" format="% .2f$" value_min="0.0" value_max="1000.0">
            <sub_features>
                <FeatureCondition idurl="plan_requirements" lable="Plan Requirements">
                    <sub_features>
                        <FeatureNumeric idurl="minimum_plam" label="Minimum monthly plan" format="% .2f$" value_min="0.0" value_max="1000.0"/>
                        <FeatureNumeric idurl="data_plan" label="Minimum monthly data plan" format="% .2f$" value_min="0.0" value_max="1000.0"/>
                        <FeatureNumeric idurl="minimum_subcription" label="Minimum subscription time" format="% .2fYears" value_min="0.0" value_max="4.0"/>
                        <FeatureNumeric idurl="activation_fee" label="Activation Fee" format="% .2f$" value_min="0.0" value_max="1000.0"/>
                        <FeatureNumeric idurl="early_cancellation" label="Early Cancellation Costs" format="% .2f$" value_min="0.0" value_max="1000.0"/>
                        <FeatureUrl  idurl="carrier_url" label="Carrier Product Page" />
                    </sub_features>
                </FeatureCondition>
            </sub_features>
        </FeatureNumeric>
        <FeatureNumeric idurl="amazon_price" label="Amazon's Price" format="% .2f$" value_min="0.0" value_max="1000.0">
            <sub_features>
                <FeatureUrl  idurl="amazon_url" label="Amazon's Product Page" />
              </sub_features>
 		</FeatureNumeric>
        <FeatureNumeric idurl="best_buy_price" label="BestBuy's Price" format="% .2f$" value_min="0.0" value_max="1000.0">
            <sub_features>
                <FeatureUrl  idurl="bestbuy_url" label="BestBuy's Product Page" />
              </sub_features>
 		</FeatureNumeric>
        <FeatureNumeric idurl="radioshack_price" label="Radioshack's Price" format="% .2f$" value_min="0.0" value_max="1000.0">
            <sub_features>
                <FeatureUrl  idurl="radioshack_url" label="Radioshack's Product Page" />
              </sub_features>
 		</FeatureNumeric>

		<FeatureHeader idurl="hardware" label="Hardware">
			<sub_features>
				<FeatureHeader idurl="screen" label="Screen">
					<sub_features>
						<FeatureRating idurl="screen_rating" label="Screen Rating" min_rating="0" max_rating="10" user_category="user, expert"/>
						<FeatureNumeric idurl="screen_size" label="Screen Size" format="% .2finch" value_min="0.0" value_max="5.0"/>
						<FeatureNumeric idurl="screen_resolution_l" label="Screen Resolution L" format="% pixels" value_min="0" value_max="2000"/>
						<FeatureNumeric idurl="screen_resolution_w" label="Screen Resolution W" format="% pixels" value_min="0" value_max="1100"/>          
						<FeatureTags idurl="touchscreen" label="Touchscreen" is_exclusive="true">
							<tags>
								<Tag idurl="capacitive" label="Capacitive"/>
								<Tag idurl="resistive" label="Resistive"/>
								<Tag idurl="none" label="None"/>
							</tags>
						</FeatureTags>
					</sub_features>
				</FeatureHeader>

				<FeatureHeader idurl="design_construction" label="Design &amp; Construction">
					<sub_features>
						<FeatureRating idurl="design_construction_rating" label="Design &amp; Construction rating" min_rating="0" max_rating="10" user_category="user"/>
						<FeatureTags idurl="form_factor" label="Form Factor" is_exclusive="false">
							<tags>
								<Tag idurl="candy_bar" label="Candy Bar"/>
								<Tag idurl="touchscreen" label="Touchscreen"/>
								<Tag idurl="clamshell" label="Clamshell"/>
								<Tag idurl="swivel" label="Swivel"/>
								<Tag idurl="slider" label="Slider"/>
							</tags>
						</FeatureTags>
						<FeatureCondition idurl="ruggedized" label="Ruggedized"/>
						<FeatureCondition idurl="projector" label="Portable projector"/>
                        <FeatureHeader idurl="device_size" label="Device size">
							<sub_features>
								<FeatureNumeric idurl="device_height" label="Device Height" format="% .2finches" value_min="2.0" value_max="5.0"/>
								<FeatureNumeric idurl="device_width" label="Device Width" format="% .2finches" value_min="1.0" value_max="3.5"/>
								<FeatureNumeric idurl="device_depth" label="Device Depth" format="% .2finches" value_min="0.0" value_max="1.5"/>
								<FeatureNumeric idurl="device_weight" label="Device Weight" format="% .2foz" value_min="2.0" value_max="7.0"/>
							</sub_features>
						</FeatureHeader>
					</sub_features>
				</FeatureHeader>  

				<FeatureHeader idurl="controls_navigation" label="Controls &amp; Navigation">    
					<sub_features>
						<FeatureRating idurl="controls_navigation_rating" label="Controls &amp; Navigation Rating" min_rating="0" max_rating="10" user_category="user"/>
						<FeatureTags idurl="navigation" label="navigation" is_exclusive="false">
							<tags>
								<Tag idurl="dpad" label="D-pad"/>
								<Tag idurl="keypad" label="Keypad"/>
								<Tag idurl="navigation_array" label="Navigation Array"/>
								<Tag idurl="touch_pad" label="Touch pad"/>
								<Tag idurl="touchscreen" label="Touchscreen"/>
								<Tag idurl="toggle" label="Toggle"/>
								<Tag idurl="trackball" label="Trackball"/>
								<Tag idurl="trackpad" label="Trackpad"/>
							</tags>
						</FeatureTags>

					</sub_features>

				</FeatureHeader>  

				<FeatureHeader idurl="keyboard_input" label="Keyboard &amp; Input">    
					<sub_features>
						<FeatureRating idurl="keyboard_input_rating" label="Keyboard &amp; Input Rating" min_rating="0" max_rating="10" user_category="user"/>
						<FeatureTags idurl="keyboard_type" label="Keyboard Type" is_exclusive="false">
							<tags>
								<Tag idurl="numeric" label="Numeric"/>
								<Tag idurl="horizontal_qwerty" label="Horizontal Qwerty"/>
								<Tag idurl="vertical_qwerty" label="Vertical Qwerty"/>
								<Tag idurl="suretype" label="Suretype"/>
								<Tag idurl="virtual" label="Virtual"/>
							</tags>
						</FeatureTags>           
					</sub_features>
				</FeatureHeader>

				<FeatureHeader idurl="battery" label="Battery">
					<sub_features>
						<FeatureRating idurl="battery_life_rating" label="Battery Life Rating" min_rating="0" max_rating="10" user_category="user"/>
						<FeatureNumeric idurl="battery_power" label="power" format="% .1f mAh" value_min="1.0" value_max="3000.0"/>
						<FeatureNumeric idurl="talk_time" label="Talk Time" format="% .1f Hours" value_min="1.0" value_max="24.0">
							<sub_features>
								<FeatureNumeric idurl="2g_talk_time" label="2G Talk Time" format="% .2fHours" value_min="0.0" value_max="24.0"/>
								<FeatureNumeric idurl="3g_talk_time" label="3G Talk Time" format="% .2fHours" value_min="0.0" value_max="24.0"/>
							</sub_features>
						</FeatureNumeric>
						<FeatureNumeric idurl="standby_time" label="Standby Time" format="% .1f Hours" value_min="1.0" value_max="1000.0"/>
						<FeatureNumeric idurl="video_playback_time" label="Video Playback Time" format="% .1f Hours" value_min="1.0" value_max="24.0"/>
						<FeatureNumeric idurl="music_playback_time" label="Music Playback Time" format="% .1f Hours" value_min="1.0" value_max="48.0"/>
						<FeatureNumeric idurl="wifi_time" label="Wifi Time" format="% .2fHours" value_min="0.0" value_max="24.0"/>
						<FeatureTags idurl="battery_type" label="Battery Type" is_exclusive="true">
							<tags>
								<Tag idurl="removable_battery" label="Removable Battery"/>
								<Tag idurl="extensible_battery" label="Extensible Battery"/>
							</tags>
						</FeatureTags>
					</sub_features>
				</FeatureHeader>

				<FeatureCondition idurl="camera" label="Camera">
					<sub_features>
						<FeatureRating idurl="camera_rating" label="Camera Rating" min_rating="0" max_rating="10" user_category="user"/>
						<FeatureNumeric idurl="camera_resolution" label="Camera Resolution" format="% .1f mpx" value_min="0.0" value_max="15.0"/>
						<FeatureTags idurl="camera_features" label="Camera Features" is_exclusive="false">
							<tags>
								<Tag idurl="autofocus" label="Autofocus"/>
								<Tag idurl="contact_pictures" label="Contact Pictures"/>
								<Tag idurl="digital_zoom" label="Digital Zoom"/>
								<Tag idurl="flash" label="Flash"/>
								<Tag idurl="geotag_pictures" label="geotag pictures"/>
								<Tag idurl="image_correction" label="Image Correction"/>
								<Tag idurl="image_stabilization" label="Image Stabilization"/>
								<Tag idurl="macro" label="Macro Settings"/>              
								<Tag idurl="optical_zoom" label="Optical Zoom"/>              
								<Tag idurl="red_eye_reduction" label="Red Eye Reduction"/>
								<Tag idurl="timer" label="Timer"/>
								<Tag idurl="video_mode" label="Video Mode"/>
								<Tag idurl="white_balance" label="White Balance"/>
							</tags>
						</FeatureTags>
					</sub_features>
				</FeatureCondition>

				<FeatureCondition idurl="gps" label="GPS" is_exclusive="false">
					<sub_features>
						<FeatureRating idurl="gps_rating" label="Geolocation Rating" min_rating="0" max_rating="10" user_category="user"/>
						<FeatureTags idurl="gps_services" label="GPS Services" is_exclusive="false">
							<tags>
								<Tag idurl="att_navigator" label="AT&amp;T Navigator"/>
								<Tag idurl="blackberry_maps" label="Blackberry Maps"/>
								<Tag idurl="google_maps" label="Google Maps"/>
								<Tag idurl="google_maps_navigation" label="Google Maps with Navigation"/>
								<Tag idurl="google_maps_latitude" label="Google Maps with Latitude"/>
								<Tag idurl="navigon_app" label="Navigon App"/>
								<Tag idurl="nokia_maps" label="Nokia Maps"/>
								<Tag idurl="other_gps_app" label="Other GPS App"/>
								<Tag idurl="ovi_maps" label="Ovi Maps"/>
								<Tag idurl="other_gps_service" label="Other GPS Service"/>
								<Tag idurl="sprint_nav" label="Sprint Navigation"/>
								<Tag idurl="telenav_app" label="TeleNav GPS App"/>
								<Tag idurl="telenav_navigator" label="TeleNav GPS Navigator"/>
								<Tag idurl="tomtom_app" label="Tomtom GPS App"/>
								<Tag idurl="vz_navigator" label="VZ Navigator"/>
								<Tag idurl="vz_navigator_global" label="VZ Navigator Global"/>
							</tags>
						</FeatureTags>
						<FeatureTags idurl="gps_features" label="GPS Features" is_exclusive="false">
							<tags>
                                <Tag idurl="automatic_reroute" label="automatic reroute" />
                                <Tag idurl="familymap" label="Family Locator" />
                                <Tag idurl="field_force_mgt" label="Field Force Management" />
                                <Tag idurl="international_navigation" label="International Navigation" />
								<Tag idurl="location_based_apps" label="location-based apps (e.g. Yelp)"/>
								<Tag idurl="location_based_services" label="location-based services"/>
								<Tag idurl="local_search" label="local search"/>
                                <Tag idurl="social_network_location_sharing" label="social network location sharing" />
                                <Tag idurl="traffic_alerts" label="traffic_alerts" />
                                <Tag idurl="turn_by_turn_gps" label=" Turn-by-Turn Directions"/>
                                <Tag idurl="voice-guided" label="voice-guided directions" />
								<Tag idurl="none" label="none"/>
							</tags>
						</FeatureTags>
					</sub_features>
				</FeatureCondition>

			</sub_features>
		</FeatureHeader>

		<FeatureHeader idurl="communication" label="Communication">
			<sub_features>
				<FeatureHeader idurl="connectivity" label="Connectivity &amp; Internet Experience">
					<sub_features>
						<FeatureRating idurl="connectivity_internet_rating" label="Connectivity &amp; Internet Experience Rating" min_rating="0" max_rating="10" user_category="user"/>
						<FeatureTags idurl="conectivity" label="Connectivity" is_exclusive="false">
							<tags>
								<Tag idurl="bluetooth" label="Bluetooth"/>
								<Tag idurl="wifi" label="wifi"/>
								<Tag idurl="2g" label="2G"/>
								<Tag idurl="3g" label="3G"/>
								<Tag idurl="4g" label="4G"/>
								<Tag idurl="cdma" label="CDMA"/>
								<Tag idurl="gsm" label="GSM"/>
								<Tag idurl="umts" label="UMTS"/>
								<Tag idurl="hsdpa" label="HSDPA"/>
								<Tag idurl="wcdma" label="WCDMA"/>
								<Tag idurl="ev_do" label="EVDO"/>
								<Tag idurl="gprs" label="GPRS"/>
								<Tag idurl="edge" label="EDGE"/>
								<Tag idurl="tri_band" label="Tri-Band"/>
								<Tag idurl="quad_band" label="Quad-Band"/>
							</tags>
						</FeatureTags>
						<FeatureCondition idurl="data_tethering" label="Data Tethering"/>
						<FeatureTags idurl="internet" label="Internet" is_exclusive="true">
							<tags>
								<Tag idurl="full_internet" label="Full Internet"/>
								<Tag idurl="partial_internet" label="Partial Internet"/>
								<Tag idurl="none" label="None"/>
							</tags>
						</FeatureTags>
					</sub_features>
				</FeatureHeader>

				<FeatureHeader idurl="messaging_header" label="Messaging, Emails, and Social Networks">
					<sub_features>
						<FeatureRating idurl="messaging_rating" label="Messaging, Emails, and Social Networks Rating" min_rating="0" max_rating="10" user_category="user"/>
						<FeatureCondition idurl="email" label="Email">
							<sub_features>
								<FeatureTags idurl="email_platform" label="email platform" is_exclusive="false">
									<tags>
										<Tag idurl="aol_mail" label="AOL mail"/>
										<Tag idurl="gmail" label="GMail"/>
										<Tag idurl="mobileme" label="MobileMe"/>
										<Tag idurl="windows_live_hotmail" label="Windows Live Hotmail"/>
										<Tag idurl="yahoo" label="Yahoo!Mail"/>
										<Tag idurl="lotus_notes" label="Lotus Notes"/>
										<Tag idurl="ms_exchange" label="Microsoft Exchange"/>
										<Tag idurl="novell_groupwise" label="Novell Groupwise"/>
										<Tag idurl="imap/pop3" label="IMAP/POP3"/>
										<Tag idurl="smtp" label="SMTP"/>
										<Tag idurl="web" label="web"/>
										<Tag idurl="other" label="other"/>
									</tags>
								</FeatureTags>
								<FeatureCondition idurl="push_delivery" label="Email Push Delivery"/>
								<FeatureNumeric idurl="multiple_email_accounts" label="Multiple Email Accounts" format="% " value_min="0" value_max="20" help="# of email accounts on the same device" />
							</sub_features>
						</FeatureCondition>
						<FeatureTags idurl="messaging" label="Messaging" is_exclusive="false">
							<tags>
								<Tag idurl="sms" label="SMS"/>
								<Tag idurl="mms" label="MMS"/>
								<Tag idurl="mms_w_video_messaging" label="MMS with Video Messaging"/>
								<Tag idurl="none" label="none"/>
							</tags>
						</FeatureTags>
						<FeatureTags idurl="im" label="Instant Messaging" is_exclusive="false">
							<tags>
								<Tag idurl="aim" label="AIM"/>
								<Tag idurl="blackberry_messenger" label="BlackBerry Messenger"/>
								<Tag idurl="gtalk" label="Google Talk"/>
								<Tag idurl="fring" label="Fring"/>
								<Tag idurl="skype" label="Skype"/>
								<Tag idurl="lotus_sametime" label="Lotus Sametime"/>
								<Tag idurl="msn-messenger" label="MSN Messenger"/>
								<Tag idurl="windows_live" label="Windows Live Messenger"/>
								<Tag idurl="yahoo_messenger" label="Yahoo Messenger"/>
								<Tag idurl="none" label="none"/>
							</tags>
						</FeatureTags>
						<FeatureTags idurl="social_networks" label="Social Networks" is_exclusive="false">
							<tags>
								<Tag idurl="facebook" label="Facebook"/>
								<Tag idurl="foursquare" label="Foursquare"/>
								<Tag idurl="gowalla" label="Gowalla"/>
								<Tag idurl="linkedin" label="LinkedIn"/>
								<Tag idurl="loopt" label="Loopt"/>
								<Tag idurl="myspace" label="MySpace"/>
								<Tag idurl="tumblr" label="Tumblr"/>
								<Tag idurl="twitter" label="twitter"/>
								<Tag idurl="none" label="none"/>
							</tags>
						</FeatureTags>
					</sub_features>         	 	
				</FeatureHeader>             

				<FeatureHeader idurl="contacts" label="Contacts and Social Networks">
					<sub_features>
						<FeatureRating idurl="contacts_rating" label="Contacts and Social Networks Rating" min_rating="0" max_rating="10" user_category="user"/>       
					</sub_features>
				</FeatureHeader>             

				<FeatureHeader idurl="call_functionality" label="Call Functionality &amp; Quality">
					<sub_features>
						<FeatureRating idurl="call_rating" label="Call Functionality &amp; Quality Rating" min_rating="0" max_rating="10" user_category="user"/>
						<FeatureTags idurl="call_features" label="Calling Features" is_exclusive="false">
							<tags>
								<Tag idurl="google_voice" label="Google Voice"/>
								<Tag idurl="international_roaming" label="International Roaming"/>
								<Tag idurl="noise_cancellation" label="Background Noise Cancellation"/>
								<Tag idurl="push_to_talk" label="Push-to-talk"/>
								<Tag idurl="speakerphone" label="Speed Dialing"/>
								<Tag idurl="speed_dialing" label="Speed Dialing"/>
								<Tag idurl="skype" label="Skype"/>
								<Tag idurl="video_share" label="Video Share"/>
								<Tag idurl="visual_voicemail" label="Visual Voicemail"/>
								<Tag idurl="voip" label="VoIP"/>
								<Tag idurl="voice_calling" label="Voice Activated Dialing"/>
								<Tag idurl="wifi_calling" label="Wifi Calling"/>
							</tags>
						</FeatureTags>        
					</sub_features>
				</FeatureHeader>             

			</sub_features>
		</FeatureHeader>

		<FeatureHeader idurl="overall_functionality_performance" label="Overall Functionality &amp; Performance">
			<sub_features>
				<FeatureRating idurl="functionality_performance_rating" label="Functionality &amp; Performance Rating" min_rating="0" max_rating="10" user_category="user"/>
				<FeatureTags idurl="operating_system" label="Operating System" is_exclusive="true">
					<tags>
						<Tag idurl="apple" label="Apple iPhone OS 3.1"/>
						<Tag idurl="android_15" label="Android 1.5"/>
						<Tag idurl="android_16" label="Android 1.6"/>
						<Tag idurl="android_2" label="Android 2"/>
						<Tag idurl="android_21" label="Android 2.1"/>
						<Tag idurl="android" label="Android"/>
						<Tag idurl="blackberry" label="Blackberry"/>
						<Tag idurl="blackberry_5" label="Blackberry 5.0"/>
						<Tag idurl="palm_webos" label="Palm WebOS"/>
						<Tag idurl="maemo5" label="Maemo 5"/>
						<Tag idurl="symbian" label="Symbian S60"/>
						<Tag idurl="windows_mobile_61" label="Windows Mobile 6.1"/>
						<Tag idurl="windows_mobile" label="Windows Mobile 6.5"/>
						<Tag idurl="proprietary" label="Proprietary"/>
					</tags>
				</FeatureTags>
			</sub_features>
		</FeatureHeader>

		<FeatureRating idurl="user_interface_rating" label="User Interface Rating" min_rating="0" max_rating="10" user_category="user"/>
		<FeatureTags idurl="ui_advanced_features" label="Advanced User Features" is_exclusive="false">
			<tags>
				<Tag idurl="accelerometer" label="Accelerometer"/>
				<Tag idurl="copy_and_paste" label="Copy and Paste"/>
				<Tag idurl="copy_and_paste_pictures" label="Copy and Paste Pictures"/>
				<Tag idurl="home_screen_personalization" label="Home Screen Personalization"/>
				<Tag idurl="multi_touch" label="Multitouch"/>
				<Tag idurl="multi_tasking_voice_app" label="Multitasking Voice/App"/>
				<Tag idurl="multi_tasking_app" label="Multitasking Apps"/>
				<Tag idurl="text_to_speech" label="Text-to-speech"/>
				<Tag idurl="universal_search" label="Universal Search"/>
				<Tag idurl="voice_commands" label="Voice Commands"/>
				<Tag idurl="none" label="none"/>
			</tags>
		</FeatureTags>

		<FeatureRating idurl="security_management_rating" label="Security &amp; Management Rating" min_rating="0" max_rating="10" user_category="user"/>
		<FeatureTags idurl="security_features" label="Security &amp; Management Features" is_exclusive="false">
			<tags>
				<Tag idurl="activesync" label="ActiveSync Policies"/>
				<Tag idurl="ondevice_encryption" label="On-device Encryption"/>
				<Tag idurl="complex_passwords" label="Complex Passwords"/>
				<Tag idurl="fingerprint" label="Fingerprint Recognition"/>
				<Tag idurl="remote_wipe" label="Remote Device Wipe"/>
				<Tag idurl="remote_management" label="Remote Management"/>
				<Tag idurl="vpn_connection" label="VPN Connection"/>
				<Tag idurl="none" label="none"/>
			</tags>
		</FeatureTags>

		<FeatureRating idurl="storage_syncing_rating" label="Storage &amp; Syncing Rating" min_rating="0" max_rating="10" user_category="user"/>
		<FeatureHeader idurl="memory" label="Memory">
			<sub_features>
				<FeatureNumeric idurl="internal_memory_size" label="internal memory size" format="% .1f gb" value_min="0.0" value_max="64.0"/>
				<FeatureNumeric idurl="maximum_external_memory" label="maximum external memory" format="% .2fgb" value_min="0.0" value_max="64.0"/>
			</sub_features>
		</FeatureHeader>


		<FeatureHeader idurl="apps_productivity" label="Apps &amp; Productivity">
			<sub_features>
				<FeatureHeader idurl="productivity" label="Productivity">
					<sub_features>
						<FeatureRating idurl="productivity_rating" label="Productivity Rating" min_rating="0" max_rating="10" user_category="user"/>

						<FeatureTags idurl="view_email_attachments" label="Email Attachments Viewer" is_exclusive="false">
							<tags>
								<Tag idurl="adobe_pdf" label="Adobe pdf"/>
								<Tag idurl="ms_word" label="Word document"/>
								<Tag idurl="ms_excel" label="Excel spreadsheet"/>
								<Tag idurl="ms_powerpoint" label="Powerpoint presentation"/>
								<Tag idurl="zip_manager" label="zip manager"/>
								<Tag idurl="gif" label="gif"/>
								<Tag idurl="jpg" label="jpg"/>
								<Tag idurl="png" label="png"/>
								<Tag idurl="none" label="none"/>
							</tags>
						</FeatureTags>
					</sub_features>
				</FeatureHeader>

				<FeatureCondition idurl="third_party_applications" label="Third-party Applications">
					<sub_features>
						<FeatureRating idurl="apps_rating" label="Apps Rating" min_rating="0" max_rating="10" user_category="user"/>
						<FeatureCondition idurl="application_store" label="Application Store"/>
						<FeatureTags idurl="application_marketplace" label="Application Marketplace" is_exclusive="true">
							<tags>
								<Tag idurl="none" label="none"/>
								<Tag idurl="limited" label="limited"/>
								<Tag idurl="satisfying" label="satisfying"/>
								<Tag idurl="thriving" label="thriving"/>
								<Tag idurl="large" label="large"/>
								<Tag idurl="largest" label="largest"/>
							</tags>
						</FeatureTags>
					</sub_features>
				</FeatureCondition>

			</sub_features>
		</FeatureHeader>


		<FeatureHeader idurl="media" label="Media">
			<sub_features>
				<FeatureRating idurl="media_rating" label="Media Rating" min_rating="0" max_rating="10" user_category="user"/>
				<FeatureTags idurl="media_sync_up" label="Media Player &amp; Sync Up" is_exclusive="false">
					<tags>
						<Tag idurl="android_media_player" label="Android Media Player"/>
						<Tag idurl="blackberry_media_sync" label="blackberry media sync"/>
						<Tag idurl="itunes" label="iTunes"/>
						<Tag idurl="mass_storage" label="Mass Storage Mode"/>
						<Tag idurl="nokia_music_manager" label="Nokia Music Manager"/>
						<Tag idurl="proprietary" label="Proprietary"/>
						<Tag idurl="windows_media_player" label="Windows Media Player"/>
					</tags>
				</FeatureTags>

				<FeatureTags idurl="media_sharing" label="Media Sharing" is_exclusive="false">
					<tags>
						<Tag idurl="facebook" label="facebook"/>
						<Tag idurl="flickr" label="Flickr"/>
						<Tag idurl="myspace" label="MySpace"/>
						<Tag idurl="picasa" label="Picasa"/>
						<Tag idurl="twitter" label="twitter"/>
						<Tag idurl="youtube" label="Youtube"/>
					</tags>
				</FeatureTags>


				<FeatureCondition idurl="music" label="Music">
					<sub_features>
						<FeatureRating idurl="music_rating" label="Music Rating" min_rating="0" max_rating="10" user_category="user"/>
						<FeatureTags idurl="music_formats" label="Music Formats" is_exclusive="false">
							<tags>
								<Tag idurl="3gp" label="3gp"/>
								<Tag idurl="3g2" label="3g2"/>
								<Tag idurl="aac" label="AAC"/>
								<Tag idurl="aac+" label="AAC+"/>
								<Tag idurl="aiff" label="AIFF"/>
								<Tag idurl="apple_lossless" label="Apple Lossless"/>
								<Tag idurl="amr_nb" label="AMR-NB"/>
								<Tag idurl="amr_wb" label="AMR-WB"/>
								<Tag idurl="asf" label="asf"/>
								<Tag idurl="avi" label="avi"/>
								<Tag idurl="eaac+" label="EAAC+"/>
								<Tag idurl="m4a" label=".m4a"/>
								<Tag idurl="mp3" label="MP3"/>
								<Tag idurl="mp3_vbr" label="MP3 VBR"/>
								<Tag idurl="mp4" label="MP4"/>
								<Tag idurl="midi" label="MIDI"/>
								<Tag idurl="ogg" label="ogg"/>
								<Tag idurl="protected_aac" label="Protected AAC"/>
								<Tag idurl="qcelp_evrc" label="QCELP EVRC"/>
								<Tag idurl="realplayer10" label="RealPlayer10"/>
								<Tag idurl="wav" label="WAV"/>
								<Tag idurl="wma9_pro" label="WMA9 pro"/>
								<Tag idurl="wma_10" label="WMA10"/>
							</tags>
						</FeatureTags>
						<FeatureTags idurl="music_store" label="Music Store &amp; Services " is_exclusive="false">
							<tags>
								<Tag idurl="amazon_mp3" label="Amazon MP3"/>
								<Tag idurl="att_mobile_music" label="AT&amp;T Mobile Music"/>
								<Tag idurl="nokia_comes_with_music" label="Nokia Comes with music"/>
								<Tag idurl="itunes" label="iTunes"/>
								<Tag idurl="imeem_mobile" label="iMeem Mobile"/>
								<Tag idurl="lastfm" label="Last.fm"/>
								<Tag idurl="nokia_comes_with_music" label="Nokia Comes with music"/>
								<Tag idurl="nokia_music" label="Nokia Music Store"/>
								<Tag idurl="pandora" label="Pandora"/>
								<Tag idurl="shazam" label="Shazam"/>
								<Tag idurl="spotify" label="Spotify"/>
								<Tag idurl="sprint_music" label="Sprint Digital Lounge"/>
								<Tag idurl="sprint_radio" label="Sprint Radio"/>
								<Tag idurl="vcast_with_rhapsody" label="VCast Music with Rhapsody"/>
								<Tag idurl="xm_radio" label="XM Satellite Radio"/>
							</tags>
						</FeatureTags>
						<FeatureTags idurl="audio_connector" label="Audio Connector" is_exclusive="true">
							<tags>
								<Tag idurl="3.5_mm" label="3.5 mm jack"/>
								<Tag idurl="2.5_mm" label="2.5 mm jack"/>
								<Tag idurl="custom" label="proprietary jack"/>
							</tags>
						</FeatureTags>
					</sub_features>
				</FeatureCondition>

				<FeatureCondition idurl="video" label="Video">
					<sub_features>
						<FeatureRating idurl="video_rating" label="Video Rating" min_rating="0" max_rating="10" user_category="user"/>
						<FeatureTags idurl="video_services" label="Video Services" is_exclusive="false">
							<tags>
								<Tag idurl="att_cellular_video" label="AT&amp;T Mobile TV"/>
								<Tag idurl="blackberrymedia_center" label="blackberrymedia center"/>
								<Tag idurl="flash_video" label="Flash Internet Video"/>
								<Tag idurl="itunes" label="iTunes"/>
								<Tag idurl="mobiTV" label="MobiTV"/>
								<Tag idurl="realplayer" label="RealPlayer"/>
								<Tag idurl="roxio_media_manager" label="Roxio media manager"/>
								<Tag idurl="sprint_tv" label="Sprint TV"/>
								<Tag idurl="vcasttv" label="VCast TV"/>
								<Tag idurl="vcast_video" label="VCast Video"/>
								<Tag idurl="youtube" label="YouTube"/>
							</tags>
						</FeatureTags>
						<FeatureTags idurl="Video_formats" label="Video Formats" is_exclusive="false">
							<tags>
								<Tag idurl=".3gp" label=".3gp"/>
								<Tag idurl="avc/h.264" label="avc/h.264"/>
								<Tag idurl="avi" label="avi"/>
								<Tag idurl="cif_@_30_fps" label="cif @ 30 fps"/>
								<Tag idurl="divx_4" label="divx 4"/>
								<Tag idurl="divx_5" label="divx 5"/>
								<Tag idurl="divx_6" label="divx 6"/>
								<Tag idurl="flash" label="Flash"/>
								<Tag idurl="h.263" label="h.263"/>
								<Tag idurl=".m4v" label=".m4v"/>
								<Tag idurl=".mp4" label=".mp4"/>
								<Tag idurl=".mov" label=".mov"/>
								<Tag idurl="mpeg_4" label="Mpeg-4"/>
								<Tag idurl="realvideo" label="realvideo"/>
								<Tag idurl="windows_media_(wmv9)" label="windows media (wmv9)"/>
								<Tag idurl="wmv3" label="wmv3"/>
								<Tag idurl="xvid" label="xvid"/>
							</tags>
						</FeatureTags>
					</sub_features>
				</FeatureCondition>

			</sub_features>
		</FeatureHeader>

	</sub_features>
</Knowledge>
