<?xml version="1.0"?>
<user key="amazon_195" reputation="1.0" category="citizen" >

  <label lang="en">User amazon </label>
  <quiz_instances/>
  <authored>
    <opinion knowledge_key="cell_phones" feature_key="main_citizen_rating" product_key="blackberry_pearl_flip_8220" timestamp="2009/08/17 00:24:12" min_rating="1.0" max_rating="5.0" value="4.0" type="rating">
      <background key="summary" type="text">Very impressive phone with many features</background>
      <background key="content" type="html">I've been using my new Blackberry 8220 flip phone for about a week now. Here are my impressions about this phone... the pros and cons.  Keep in mind that this is my first Blackberry phone, so I do not review it in comparison to any other blackberry. Instead, I compare it to other flip phones I've had. My last flip pho<br />- Wifi: This phone has a built in wifi receiver. This means that if you have a wifi connection at home (or any unsecured wifi signal) you can browse the web with this phone (for free). The pre-installed t-<br />-web browsing: Web browsing is as good as it gets on a 240 x 320 resolution screen. Again, I recommend downloading a free copy of the Opera browser. When used with a fast wifi connection, loading time for <br />-Built in mp3 player: The mp3 player works well and sounds good, but the layout/interface could be better. (tip: use button #4,#6 to skip songs instead of using trackball) For example, when the phone is closed... you can only access volume controls. The built in standard 3.5mm headphone jack is fantastic, though! All phones should have this... I absolutely love not having to carry around an annoying adapter just to listen to my music in the car or over headphones. It's also cool that it has the ability to display album artwork :) This phone comes with a handsfree headset/stereo headphone... very cool! The included headp<br />-Camera: For a 2 megapixel camera... it works well and does a good job of automatically adjusting shutter and exposure. Color saturation and contrast could be better, though. Even on the highest resolution<br />-Texting: At first, I really hated the button configuration for texting. It's totally different from most phones. But once you get used to it, texting on this phone works very well and the intelligent word suggestions are pretty good at guessing what word you're typing. The ability to add your own words to the custom library is great, too. I love that when a text messagecomes, you can preview the first few lines <br />-Picture texting: Photo texting seems to work relatively well, but the only limitation is that you can only add a few words of text along with the image. I'm not sure if this is a limitation of the 'mms me<br />-expandable mini-SD/mini-SDHC. This is awesome for storing tons of images and music for the mp3 player... very cool! Right now, you can expand it up to a 16GB micro SDHC card and essentially have a 16gb Mp<br />-Battery Life: Sadly, the battery does not seem to last very long... even when the phone is only used for texting.  For example, I noticed that the battery drained down to about 40% capacity from just one day of texting (no phone calls). To be fair, I do text a lot in one day (perhaps 50 a day?) Sadly it's a phone you'll probably have to charge every day even if you don't use it very often throughout the course o<br />-Non-standard USB connector:  I don't like that it has a non-standard usb connection. If you loose the cable, you'll have to get one especially made for the blackberry. They could have easily made it the s<br />Conclusion:  The positive features greatly outweigh the few negative things about this phone. This phone has an impressive array of features... considering how small the device is. It's really a tiny computer in addition to a phone, and it does most things pretty darn well. If you're into flip phones, and want one that does more than probably any other one out there...then this one may be the phone for you. I jus<br /> |  tip: You can get the game Pac-man for this phone for free online :)ers take lots of juice I guess :)</background>
      
    </opinion>  
  </authored>
</user>
