<?xml version="1.0"?>
<user key="amazon_192" reputation="1.0" category="citizen" >

  <label lang="en">User amazon 192</label>
  <quiz_instances/>
  <authored>
    <opinion knowledge_key="cell_phones" feature_key="main_citizen_rating" product_key="blackberry_pearl_flip_8220" timestamp="2009/08/17 00:24:12" min_rating="1.0" max_rating="5.0" value="4.0" type="rating">
      <background key="summary" type="text">Rim did a good job with the new calmshell</background>
      <background key="content" type="html">The phone is sold from T-mobile here in the USA and comes in red and black, the phone is very light, the phone includes everything you know and love from blackberries including wifi, pin messaging, web, email and other pda-like functions. The 8220 runs on the 4.6 OS but the stock software from T-mobile 4.6.0.180 can be slow and jerky because it runs on the older arm 312Mhz processor but I would recommended anyone with this phone to upgrade to 4.6.0.122 which seems to be the fastest most stable version thus far. The phone doe<br />Overall: 4/5                                                                                                                                                                                            |
<br />the rest is solid blackberry experience, a must if you like clamshell phones.</background>
    </opinion>  
  </authored>
</user>
