<?xml version="1.0"?>
<user key="amazon_198" reputation="1.0" category="citizen" >

  <label lang="en">User amazon 198</label>
  <quiz_instances/>
  <authored>
    <opinion knowledge_key="cell_phones" feature_key="main_citizen_rating" product_key="blackberry_pearl_flip_8220" timestamp="2009/08/17 00:24:12" min_rating="1.0" max_rating="5.0" value="1.0" type="rating">
      <background key="summary" type="text">Still Waiting  to solve the matter</background>

      <background key="content" type="html">I'm still waiting  for the company  to solve my problem.  Several calls, several mails, and nothing yet. I was told that I woudl receive an email  last Friday 9th, 2009-  Let's see how much time they need to finally solve the matter or give me my money back.</background>
      
    </opinion>  
  </authored>
</user>
