<?xml version="1.0"?>
<user key="amazon_196" reputation="1.0" category="citizen" >

  <label lang="en">User amazon 196</label>
  <quiz_instances/>
  <authored>
    <opinion knowledge_key="cell_phones" feature_key="main_citizen_rating" product_key="blackberry_pearl_flip_8220" timestamp="2009/08/17 00:24:12" min_rating="1.0" max_rating="5.0" value="5.0" type="rating">
      <background key="summary" type="text">I love my new cellphone!</background>

      <background key="content" type="html">My cellphone in fact is unlocked! I'm so happy with this buy! Congrats to VibeCellular!</background>
      
    </opinion>  
  </authored>
</user>
