<?xml version="1.0"?>
<user key="amazon_194" reputation="1.0" category="citizen" >

  <label lang="en">User amazon 194</label>
  <quiz_instances/>
  <authored>
    <opinion knowledge_key="cell_phones" feature_key="main_citizen_rating" product_key="blackberry_pearl_flip_8220" timestamp="2009/08/17 00:24:12" min_rating="1.0" max_rating="5.0" value="5.0" type="rating">
      <background key="summary" type="text">Excellent Blackberry - Different Look. </background>

      <background key="content" type="html">The Blackberry Pearl Flip is an excellent Blackberry option for those of us who need our corporate or web em<br />For the sake of infomation, this is my second Blackberry owned.  Previously, I have used the Blackberry Curve 8300 series for over a year.  Prior to that, I was on the Motorola Q for several months as well.  While my Peal Flip is company issued, I don't look like a corporate soldier when I'm away from the office.  If you're going for the "I'm an executive" public image, then don't purchase/choose the Pearl Flip. <br /> |  I also purchased the OEM Blackberry Leather Pocket case for the phone.  Excellent choice for the phone, keeps the profile thin and looks fantastic.  Just say no to belt-attached phones!! ***</background>
      
    </opinion>  
  </authored>
</user>
