<?xml version="1.0"?>
<user key="amazon_197" reputation="1.0" category="citizen" >

  <label lang="en">User amazon 197</label>
  <quiz_instances/>
  <authored>
    <opinion knowledge_key="cell_phones" feature_key="main_citizen_rating" product_key="blackberry_pearl_flip_8220" timestamp="2009/08/17 00:24:12" min_rating="1.0" max_rating="5.0" value="5.0" type="rating">
      <background key="summary" type="text">A good buy</background>

      <background key="content" type="html">I kept having keyboard problems with my Blackkberry Pearl 8200. Annonymous calls being made etc. although locked. The Flip is the perfect answer.</background>
    </opinion>  
  </authored>
</user>
