<?xml version="1.0"?>
<user key="amazon_193" reputation="1.0" category="citizen" >

  <label lang="en">User amazon 193</label>
  <quiz_instances/>
  <authored>
    <opinion knowledge_key="cell_phones" feature_key="main_citizen_rating" product_key="blackberry_pearl_flip_8220" timestamp="2009/08/17 00:24:12" min_rating="1.0" max_rating="5.0" value="4.0" type="rating">
      <background key="summary" type="text">very good phone with a few downsides </background>
    </opinion>  
  </authored>
</user>
