<?xml version="1.0"?>
<user key="nextmood" reputation="1.0" category="expert" >

  <label lang="en">nextmood</label>
  <quiz_instances/>
  <authored>
    <opinion db_id="" knowledge_key="cell_phones" feature_key="main_expert_rating" product_key="blackberry_bold_9000" timestamp="2009/08/17 00:24:12" min_rating="1.0" max_rating="5.0" value="4.0" />
    <opinion db_id="" knowledge_key="cell_phones" feature_key="main_expert_rating" product_key="apple_iphone_3g" timestamp="2009/08/17 00:24:13" min_rating="1.0" max_rating="5.0" value="3.0" />
    <opinion db_id="" knowledge_key="cell_phones" feature_key="main_expert_rating" product_key="palm_pre" timestamp="2009/08/17 00:24:15" min_rating="1.0" max_rating="5.0" value="1.0" />
    <opinion db_id="" knowledge_key="cell_phones" feature_key="main_expert_rating" product_key="nokia_e75" timestamp="2009/08/17 00:24:16" min_rating="1.0" max_rating="5.0" value="3.0" />
    <opinion db_id="" knowledge_key="cell_phones" feature_key="main_expert_rating" product_key="nokia_n96" timestamp="2009/08/17 00:24:17" min_rating="1.0" max_rating="5.0" value="3.0" />
    <opinion db_id="" knowledge_key="cell_phones" feature_key="main_expert_rating" product_key="nokia_e71" timestamp="2009/08/17 00:24:18" min_rating="1.0" max_rating="5.0" value="2.0" />
    <opinion db_id="" knowledge_key="cell_phones" feature_key="main_expert_rating" product_key="nokia_5800_xpressmusic" timestamp="2009/08/17 00:24:20" min_rating="1.0" max_rating="5.0" value="0.0" />
    <opinion db_id="" knowledge_key="cell_phones" feature_key="main_expert_rating" product_key="nokia_7205_intrigue" timestamp="2009/08/17 00:24:21" min_rating="1.0" max_rating="5.0" value="3.0" />
    <opinion db_id="" knowledge_key="cell_phones" feature_key="main_expert_rating" product_key="blackberry_curve_8900" timestamp="2009/08/17 00:24:22" min_rating="1.0" max_rating="5.0" value="1.0" />
    <opinion db_id="" knowledge_key="cell_phones" feature_key="main_expert_rating" product_key="blackberry_pearl_8130" timestamp="2009/08/17 00:24:24" min_rating="1.0" max_rating="5.0" value="1.0" />
    <opinion db_id="" knowledge_key="cell_phones" feature_key="main_expert_rating" product_key="nokia_n79" timestamp="2009/08/17 00:24:25" min_rating="1.0" max_rating="5.0" value="3.0" />
    <opinion db_id="" knowledge_key="cell_phones" feature_key="main_expert_rating" product_key="htc_touch_diamond" timestamp="2009/08/17 00:24:26" min_rating="1.0" max_rating="5.0" value="0.0" />
    <opinion db_id="" knowledge_key="cell_phones" feature_key="main_expert_rating" product_key="lg_versa" timestamp="2009/08/17 00:24:28" min_rating="1.0" max_rating="5.0" value="2.0" />
    <opinion db_id="" knowledge_key="cell_phones" feature_key="main_expert_rating" product_key="samsung_impression" timestamp="2009/08/17 00:24:30" min_rating="1.0" max_rating="5.0" value="1.0" />
    <opinion db_id="" knowledge_key="cell_phones" feature_key="main_expert_rating" product_key="samsung_memoir_t929" timestamp="2009/08/17 00:24:32" min_rating="1.0" max_rating="5.0" value="4.0" />
    <opinion db_id="" knowledge_key="cell_phones" feature_key="main_expert_rating" product_key="samsung_omnia" timestamp="2009/08/17 00:24:33" min_rating="1.0" max_rating="5.0" value="3.0" />
    <opinion db_id="" knowledge_key="cell_phones" feature_key="main_expert_rating" product_key="blackberry_storm" timestamp="2009/08/17 00:24:35" min_rating="1.0" max_rating="5.0" value="1.0" />
    <opinion db_id="" knowledge_key="cell_phones" feature_key="main_expert_rating" product_key="sony_ericsson_xperia_x1" timestamp="2009/08/17 00:24:37" min_rating="1.0" max_rating="5.0" value="0.0" />
    <opinion db_id="" knowledge_key="cell_phones" feature_key="main_expert_rating" product_key="samsung_knack_sch-u310" timestamp="2009/08/17 00:24:39" min_rating="1.0" max_rating="5.0" value="2.0" />
    <opinion db_id="" knowledge_key="cell_phones" feature_key="main_expert_rating" product_key="sanyo_scp-2700" timestamp="2009/08/17 00:24:42" min_rating="1.0" max_rating="5.0" value="2.0" />
    <opinion db_id="" knowledge_key="cell_phones" feature_key="main_expert_rating" product_key="samsung_propel_pro" timestamp="2009/08/17 00:24:44" min_rating="1.0" max_rating="5.0" value="0.0" />
    <opinion db_id="" knowledge_key="cell_phones" feature_key="main_expert_rating" product_key="nokia_e63" timestamp="2009/08/17 00:24:46" min_rating="1.0" max_rating="5.0" value="0.0" />
    <opinion db_id="" knowledge_key="cell_phones" feature_key="main_expert_rating" product_key="samsung_instinct_s30" timestamp="2009/08/17 00:24:48" min_rating="1.0" max_rating="5.0" value="0.0" />
    <opinion db_id="" knowledge_key="cell_phones" feature_key="main_expert_rating" product_key="samsung_sgh-a657" timestamp="2009/08/17 00:24:51" min_rating="1.0" max_rating="5.0" value="3.0" />
    <opinion db_id="" knowledge_key="cell_phones" feature_key="main_expert_rating" product_key="lg_xenon" timestamp="2009/08/17 00:24:53" min_rating="1.0" max_rating="5.0" value="0.0" />
    <opinion db_id="" knowledge_key="cell_phones" feature_key="main_expert_rating" product_key="nokia_6500_classic" timestamp="2009/08/17 00:24:56" min_rating="1.0" max_rating="5.0" value="2.0" />
    <opinion db_id="" knowledge_key="cell_phones" feature_key="main_expert_rating" product_key="motorola_i9_stature" timestamp="2009/08/17 00:24:59" min_rating="1.0" max_rating="5.0" value="0.0" />
    <opinion db_id="" knowledge_key="cell_phones" feature_key="main_expert_rating" product_key="lg_cf360" timestamp="2009/08/17 00:25:02" min_rating="1.0" max_rating="5.0" value="2.0" />
    <opinion db_id="" knowledge_key="cell_phones" feature_key="main_expert_rating" product_key="blackberry_pearl_flip_8220" timestamp="2009/08/17 00:25:06" min_rating="1.0" max_rating="5.0" value="2.0" />
    <opinion db_id="" knowledge_key="cell_phones" feature_key="main_expert_rating" product_key="palm_eos" timestamp="2009/08/17 00:25:09" min_rating="1.0" max_rating="5.0" value="1.0" />
    <opinion db_id="" knowledge_key="cell_phones" feature_key="main_expert_rating" product_key="htc_touch_cruise_2009" timestamp="2009/08/17 00:25:12" min_rating="1.0" max_rating="5.0" value="2.0" />
    <opinion db_id="" knowledge_key="cell_phones" feature_key="main_expert_rating" product_key="samsung_trance" timestamp="2009/08/17 00:25:15" min_rating="1.0" max_rating="5.0" value="3.0" />
    <opinion db_id="" knowledge_key="cell_phones" feature_key="main_expert_rating" product_key="lg_vx8350" timestamp="2009/08/17 00:25:18" min_rating="1.0" max_rating="5.0" value="1.0" />
    <opinion db_id="" knowledge_key="cell_phones" feature_key="main_expert_rating" product_key="motorola_renew_w233" timestamp="2009/08/17 00:25:22" min_rating="1.0" max_rating="5.0" value="2.0" />
    <opinion db_id="" knowledge_key="cell_phones" feature_key="main_expert_rating" product_key="nokia_n85" timestamp="2009/08/17 00:25:25" min_rating="1.0" max_rating="5.0" value="4.0" />
    <opinion db_id="" knowledge_key="cell_phones" feature_key="main_expert_rating" product_key="lg_lotus" timestamp="2009/08/17 00:25:28" min_rating="1.0" max_rating="5.0" value="1.0" />
    <opinion db_id="" knowledge_key="cell_phones" feature_key="main_expert_rating" product_key="samsung_s8300_ultratouch" timestamp="2009/08/17 00:25:32" min_rating="1.0" max_rating="5.0" value="0.0" />
    <opinion db_id="" knowledge_key="cell_phones" feature_key="main_expert_rating" product_key="lg_arena" timestamp="2009/08/17 00:25:36" min_rating="1.0" max_rating="5.0" value="4.0" />
    <opinion db_id="" knowledge_key="cell_phones" feature_key="main_expert_rating" product_key="nokia_5130_xpressmusic" timestamp="2009/08/17 00:25:41" min_rating="1.0" max_rating="5.0" value="1.0" />
    <opinion db_id="" knowledge_key="cell_phones" feature_key="main_expert_rating" product_key="sony_ericsson_w508" timestamp="2009/08/17 00:25:47" min_rating="1.0" max_rating="5.0" value="4.0" />
  </authored>
</user>
