<?xml version="1.0"?>
<user key="ph" reputation="1.0" category="expert">
  <label lang="en">Pierre Henri clouin</label>
  <quiz_instances/>
  <authored>
    <opinion timestamp="2009/08/17 00:24:12" min_rating="1.0" max_rating="5.0" value="2.0" knowledge_key="cell_phones" feature_key="f259_picture_quality" product_key="apple_iphone_3g"/>
    <opinion timestamp="2009/08/17 00:24:12" min_rating="1.0" max_rating="5.0" value="3.0" knowledge_key="cell_phones" feature_key="f251_call_quality" product_key="apple_iphone_3g"/>
    <opinion timestamp="2009/08/17 00:24:12" min_rating="1.0" max_rating="5.0" value="4.0" knowledge_key="cell_phones" feature_key="f279_video_quality" product_key="apple_iphone_3g"/>

    <opinion timestamp="2009/08/17 00:24:12" min_rating="1.0" max_rating="5.0" value="2.0" knowledge_key="cell_phones" feature_key="f259_picture_quality" product_key="blackberry_bold_9000"/>
    <opinion timestamp="2009/08/17 00:24:12" min_rating="1.0" max_rating="5.0" value="4.0" knowledge_key="cell_phones" feature_key="f251_call_quality" product_key="blackberry_bold_9000"/>
    <opinion timestamp="2009/08/17 00:24:12" min_rating="1.0" max_rating="5.0" value="3.0" knowledge_key="cell_phones" feature_key="f279_video_quality" product_key="blackberry_bold_9000"/>
    <opinion timestamp="2009/08/17 00:24:12" min_rating="1.0" max_rating="5.0" value="2.0" knowledge_key="cell_phones" feature_key="f260_video_quality" product_key="blackberry_bold_9000"/>

    <opinion timestamp="2009/08/17 00:24:12" min_rating="1.0" max_rating="5.0" value="3.0" knowledge_key="cell_phones" feature_key="f259_picture_quality" product_key="blackberry_curve_8900"/>
    <opinion timestamp="2009/08/17 00:24:12" min_rating="1.0" max_rating="5.0" value="3.0" knowledge_key="cell_phones" feature_key="f251_call_quality" product_key="blackberry_curve_8900"/>

    <opinion timestamp="2009/08/17 00:24:12" min_rating="1.0" max_rating="5.0" value="2.0" knowledge_key="cell_phones" feature_key="f259_picture_quality" product_key="blackberry_pearl_8130"/>
    <opinion timestamp="2009/08/17 00:24:12" min_rating="1.0" max_rating="5.0" value="3.0" knowledge_key="cell_phones" feature_key="f251_call_quality" product_key="blackberry_pearl_8130"/>
    <opinion timestamp="2009/08/17 00:24:12" min_rating="1.0" max_rating="5.0" value="1.0" knowledge_key="cell_phones" feature_key="f260_video_quality" product_key="blackberry_pearl_8130"/>
    <opinion timestamp="2009/08/17 00:24:12" min_rating="1.0" max_rating="5.0" value="4.0" knowledge_key="cell_phones" feature_key="f283_screen_quality" product_key="blackberry_pearl_flip_8220"/>
    <opinion timestamp="2009/08/17 00:24:12" min_rating="1.0" max_rating="5.0" value="2.0" knowledge_key="cell_phones" feature_key="f259_picture_quality" product_key="blackberry_pearl_flip_8220"/>
    <opinion timestamp="2009/08/17 00:24:12" min_rating="1.0" max_rating="5.0" value="1.0" knowledge_key="cell_phones" feature_key="f260_video_quality" product_key="blackberry_pearl_flip_8220"/>
    <opinion timestamp="2009/08/17 00:24:12" min_rating="1.0" max_rating="5.0" value="2.0" knowledge_key="cell_phones" feature_key="f259_picture_quality" product_key="blackberry_storm"/>
    <opinion timestamp="2009/08/17 00:24:12" min_rating="1.0" max_rating="5.0" value="4.0" knowledge_key="cell_phones" feature_key="f251_call_quality" product_key="blackberry_storm"/>
    <opinion timestamp="2009/08/17 00:24:12" min_rating="1.0" max_rating="5.0" value="1.0" knowledge_key="cell_phones" feature_key="f279_video_quality" product_key="blackberry_storm"/>
    <opinion timestamp="2009/08/17 00:24:12" min_rating="1.0" max_rating="5.0" value="3.0" knowledge_key="cell_phones" feature_key="f260_video_quality" product_key="blackberry_storm"/>
    <opinion timestamp="2009/08/17 00:24:12" min_rating="1.0" max_rating="5.0" value="2.0" knowledge_key="cell_phones" feature_key="f259_picture_quality" product_key="htc_touch_cruise_2009"/>
    <opinion timestamp="2009/08/17 00:24:12" min_rating="1.0" max_rating="5.0" value="3.0" knowledge_key="cell_phones" feature_key="f251_call_quality" product_key="htc_touch_cruise_2009"/>
    <opinion timestamp="2009/08/17 00:24:12" min_rating="1.0" max_rating="5.0" value="1.0" knowledge_key="cell_phones" feature_key="f260_video_quality" product_key="htc_touch_cruise_2009"/>
    <opinion timestamp="2009/08/17 00:24:12" min_rating="1.0" max_rating="5.0" value="2.0" knowledge_key="cell_phones" feature_key="f259_picture_quality" product_key="htc_touch_diamond"/>
    <opinion timestamp="2009/08/17 00:24:12" min_rating="1.0" max_rating="5.0" value="3.0" knowledge_key="cell_phones" feature_key="f251_call_quality" product_key="htc_touch_diamond"/>
    <opinion timestamp="2009/08/17 00:24:12" min_rating="1.0" max_rating="5.0" value="1.0" knowledge_key="cell_phones" feature_key="f260_video_quality" product_key="htc_touch_diamond"/>
    <opinion timestamp="2009/08/17 00:24:12" min_rating="1.0" max_rating="5.0" value="4.0" knowledge_key="cell_phones" feature_key="f281_music_quality" product_key="lg_arena"/>
    <opinion timestamp="2009/08/17 00:24:12" min_rating="1.0" max_rating="5.0" value="3.0" knowledge_key="cell_phones" feature_key="f283_screen_quality" product_key="lg_arena"/>
    <opinion timestamp="2009/08/17 00:24:12" min_rating="1.0" max_rating="5.0" value="3.0" knowledge_key="cell_phones" feature_key="f259_picture_quality" product_key="lg_arena"/>
    <opinion timestamp="2009/08/17 00:24:12" min_rating="1.0" max_rating="5.0" value="3.0" knowledge_key="cell_phones" feature_key="f251_call_quality" product_key="lg_arena"/>
    <opinion timestamp="2009/08/17 00:24:12" min_rating="1.0" max_rating="5.0" value="2.0" knowledge_key="cell_phones" feature_key="f279_video_quality" product_key="lg_arena"/>
    <opinion timestamp="2009/08/17 00:24:12" min_rating="1.0" max_rating="5.0" value="3.0" knowledge_key="cell_phones" feature_key="f260_video_quality" product_key="lg_arena"/>
    <opinion timestamp="2009/08/17 00:24:12" min_rating="1.0" max_rating="5.0" value="2.0" knowledge_key="cell_phones" feature_key="f281_music_quality" product_key="lg_cf360"/>
    <opinion timestamp="2009/08/17 00:24:12" min_rating="1.0" max_rating="5.0" value="2.0" knowledge_key="cell_phones" feature_key="f283_screen_quality" product_key="lg_cf360"/>
    <opinion timestamp="2009/08/17 00:24:12" min_rating="1.0" max_rating="5.0" value="1.0" knowledge_key="cell_phones" feature_key="f259_picture_quality" product_key="lg_cf360"/>
    <opinion timestamp="2009/08/17 00:24:12" min_rating="1.0" max_rating="5.0" value="4.0" knowledge_key="cell_phones" feature_key="f251_call_quality" product_key="lg_cf360"/>
    <opinion timestamp="2009/08/17 00:24:12" min_rating="1.0" max_rating="5.0" value="1.0" knowledge_key="cell_phones" feature_key="f279_video_quality" product_key="lg_cf360"/>
    <opinion timestamp="2009/08/17 00:24:12" min_rating="1.0" max_rating="5.0" value="1.0" knowledge_key="cell_phones" feature_key="f260_video_quality" product_key="lg_cf360"/>
    <opinion timestamp="2009/08/17 00:24:12" min_rating="1.0" max_rating="5.0" value="3.0" knowledge_key="cell_phones" feature_key="f281_music_quality" product_key="lg_lotus"/>
    <opinion timestamp="2009/08/17 00:24:12" min_rating="1.0" max_rating="5.0" value="3.0" knowledge_key="cell_phones" feature_key="f283_screen_quality" product_key="lg_lotus"/>
    <opinion timestamp="2009/08/17 00:24:12" min_rating="1.0" max_rating="5.0" value="3.0" knowledge_key="cell_phones" feature_key="f259_picture_quality" product_key="lg_lotus"/>
    <opinion timestamp="2009/08/17 00:24:12" min_rating="1.0" max_rating="5.0" value="4.0" knowledge_key="cell_phones" feature_key="f251_call_quality" product_key="lg_lotus"/>
    <opinion timestamp="2009/08/17 00:24:12" min_rating="1.0" max_rating="5.0" value="3.0" knowledge_key="cell_phones" feature_key="f279_video_quality" product_key="lg_lotus"/>
    <opinion timestamp="2009/08/17 00:24:12" min_rating="1.0" max_rating="5.0" value="2.0" knowledge_key="cell_phones" feature_key="f259_picture_quality" product_key="lg_versa"/>
    <opinion timestamp="2009/08/17 00:24:12" min_rating="1.0" max_rating="5.0" value="3.0" knowledge_key="cell_phones" feature_key="f251_call_quality" product_key="lg_versa"/>
    <opinion timestamp="2009/08/17 00:24:12" min_rating="1.0" max_rating="5.0" value="1.0" knowledge_key="cell_phones" feature_key="f260_video_quality" product_key="lg_versa"/>
    <opinion timestamp="2009/08/17 00:24:12" min_rating="1.0" max_rating="5.0" value="3.0" knowledge_key="cell_phones" feature_key="f281_music_quality" product_key="lg_vx8350"/>
    <opinion timestamp="2009/08/17 00:24:12" min_rating="1.0" max_rating="5.0" value="3.0" knowledge_key="cell_phones" feature_key="f283_screen_quality" product_key="lg_vx8350"/>
    <opinion timestamp="2009/08/17 00:24:12" min_rating="1.0" max_rating="5.0" value="2.0" knowledge_key="cell_phones" feature_key="f259_picture_quality" product_key="lg_vx8350"/>
    <opinion timestamp="2009/08/17 00:24:12" min_rating="1.0" max_rating="5.0" value="5.0" knowledge_key="cell_phones" feature_key="f251_call_quality" product_key="lg_vx8350"/>
    <opinion timestamp="2009/08/17 00:24:12" min_rating="1.0" max_rating="5.0" value="3.0" knowledge_key="cell_phones" feature_key="f279_video_quality" product_key="lg_vx8350"/>
    <opinion timestamp="2009/08/17 00:24:12" min_rating="1.0" max_rating="5.0" value="1.0" knowledge_key="cell_phones" feature_key="f260_video_quality" product_key="lg_vx8350"/>
    <opinion timestamp="2009/08/17 00:24:12" min_rating="1.0" max_rating="5.0" value="3.0" knowledge_key="cell_phones" feature_key="f259_picture_quality" product_key="lg_xenon"/>
    <opinion timestamp="2009/08/17 00:24:12" min_rating="1.0" max_rating="5.0" value="4.0" knowledge_key="cell_phones" feature_key="f251_call_quality" product_key="lg_xenon"/>
    <opinion timestamp="2009/08/17 00:24:12" min_rating="1.0" max_rating="5.0" value="2.0" knowledge_key="cell_phones" feature_key="f279_video_quality" product_key="lg_xenon"/>
    <opinion timestamp="2009/08/17 00:24:12" min_rating="1.0" max_rating="5.0" value="2.0" knowledge_key="cell_phones" feature_key="f260_video_quality" product_key="lg_xenon"/>
    <opinion timestamp="2009/08/17 00:24:12" min_rating="1.0" max_rating="5.0" value="2.0" knowledge_key="cell_phones" feature_key="f281_music_quality" product_key="motorola_i9_stature"/>
    <opinion timestamp="2009/08/17 00:24:12" min_rating="1.0" max_rating="5.0" value="3.0" knowledge_key="cell_phones" feature_key="f283_screen_quality" product_key="motorola_i9_stature"/>
    <opinion timestamp="2009/08/17 00:24:12" min_rating="1.0" max_rating="5.0" value="1.0" knowledge_key="cell_phones" feature_key="f259_picture_quality" product_key="motorola_i9_stature"/>
    <opinion timestamp="2009/08/17 00:24:12" min_rating="1.0" max_rating="5.0" value="3.0" knowledge_key="cell_phones" feature_key="f251_call_quality" product_key="motorola_i9_stature"/>
    <opinion timestamp="2009/08/17 00:24:12" min_rating="1.0" max_rating="5.0" value="2.0" knowledge_key="cell_phones" feature_key="f260_video_quality" product_key="motorola_i9_stature"/>
    <opinion timestamp="2009/08/17 00:24:12" min_rating="1.0" max_rating="5.0" value="1.0" knowledge_key="cell_phones" feature_key="f283_screen_quality" product_key="motorola_renew_w233"/>
    <opinion timestamp="2009/08/17 00:24:12" min_rating="1.0" max_rating="5.0" value="3.0" knowledge_key="cell_phones" feature_key="f251_call_quality" product_key="motorola_renew_w233"/>
    <opinion timestamp="2009/08/17 00:24:12" min_rating="1.0" max_rating="5.0" value="4.0" knowledge_key="cell_phones" feature_key="f281_music_quality" product_key="nokia_5130_xpressmusic"/>
    <opinion timestamp="2009/08/17 00:24:12" min_rating="1.0" max_rating="5.0" value="2.0" knowledge_key="cell_phones" feature_key="f283_screen_quality" product_key="nokia_5130_xpressmusic"/>
    <opinion timestamp="2009/08/17 00:24:12" min_rating="1.0" max_rating="5.0" value="2.0" knowledge_key="cell_phones" feature_key="f259_picture_quality" product_key="nokia_5130_xpressmusic"/>
    <opinion timestamp="2009/08/17 00:24:12" min_rating="1.0" max_rating="5.0" value="3.0" knowledge_key="cell_phones" feature_key="f251_call_quality" product_key="nokia_5130_xpressmusic"/>
    <opinion timestamp="2009/08/17 00:24:12" min_rating="1.0" max_rating="5.0" value="3.0" knowledge_key="cell_phones" feature_key="f279_video_quality" product_key="nokia_5130_xpressmusic"/>
    <opinion timestamp="2009/08/17 00:24:12" min_rating="1.0" max_rating="5.0" value="1.0" knowledge_key="cell_phones" feature_key="f260_video_quality" product_key="nokia_5130_xpressmusic"/>
    <opinion timestamp="2009/08/17 00:24:12" min_rating="1.0" max_rating="5.0" value="3.0" knowledge_key="cell_phones" feature_key="f259_picture_quality" product_key="nokia_5800_xpressmusic"/>
    <opinion timestamp="2009/08/17 00:24:12" min_rating="1.0" max_rating="5.0" value="3.0" knowledge_key="cell_phones" feature_key="f251_call_quality" product_key="nokia_5800_xpressmusic"/>
    <opinion timestamp="2009/08/17 00:24:12" min_rating="1.0" max_rating="5.0" value="2.0" knowledge_key="cell_phones" feature_key="f281_music_quality" product_key="nokia_6500_classic"/>
    <opinion timestamp="2009/08/17 00:24:12" min_rating="1.0" max_rating="5.0" value="4.0" knowledge_key="cell_phones" feature_key="f283_screen_quality" product_key="nokia_6500_classic"/>
    <opinion timestamp="2009/08/17 00:24:12" min_rating="1.0" max_rating="5.0" value="2.0" knowledge_key="cell_phones" feature_key="f259_picture_quality" product_key="nokia_6500_classic"/>
    <opinion timestamp="2009/08/17 00:24:12" min_rating="1.0" max_rating="5.0" value="3.0" knowledge_key="cell_phones" feature_key="f251_call_quality" product_key="nokia_6500_classic"/>
    <opinion timestamp="2009/08/17 00:24:12" min_rating="1.0" max_rating="5.0" value="1.0" knowledge_key="cell_phones" feature_key="f279_video_quality" product_key="nokia_6500_classic"/>
    <opinion timestamp="2009/08/17 00:24:12" min_rating="1.0" max_rating="5.0" value="1.0" knowledge_key="cell_phones" feature_key="f260_video_quality" product_key="nokia_6500_classic"/>
    <opinion timestamp="2009/08/17 00:24:12" min_rating="1.0" max_rating="5.0" value="1.0" knowledge_key="cell_phones" feature_key="f259_picture_quality" product_key="nokia_7205_intrigue"/>
    <opinion timestamp="2009/08/17 00:24:12" min_rating="1.0" max_rating="5.0" value="3.0" knowledge_key="cell_phones" feature_key="f251_call_quality" product_key="nokia_7205_intrigue"/>
    <opinion timestamp="2009/08/17 00:24:12" min_rating="1.0" max_rating="5.0" value="2.0" knowledge_key="cell_phones" feature_key="f281_music_quality" product_key="nokia_e63"/>
    <opinion timestamp="2009/08/17 00:24:12" min_rating="1.0" max_rating="5.0" value="3.0" knowledge_key="cell_phones" feature_key="f283_screen_quality" product_key="nokia_e63"/>
    <opinion timestamp="2009/08/17 00:24:12" min_rating="1.0" max_rating="5.0" value="2.0" knowledge_key="cell_phones" feature_key="f259_picture_quality" product_key="nokia_e63"/>
    <opinion timestamp="2009/08/17 00:24:12" min_rating="1.0" max_rating="5.0" value="2.0" knowledge_key="cell_phones" feature_key="f251_call_quality" product_key="nokia_e63"/>
    <opinion timestamp="2009/08/17 00:24:12" min_rating="1.0" max_rating="5.0" value="3.0" knowledge_key="cell_phones" feature_key="f279_video_quality" product_key="nokia_e63"/>
    <opinion timestamp="2009/08/17 00:24:12" min_rating="1.0" max_rating="5.0" value="2.0" knowledge_key="cell_phones" feature_key="f260_video_quality" product_key="nokia_e63"/>
    <opinion timestamp="2009/08/17 00:24:12" min_rating="1.0" max_rating="5.0" value="3.0" knowledge_key="cell_phones" feature_key="f259_picture_quality" product_key="nokia_e71"/>
    <opinion timestamp="2009/08/17 00:24:12" min_rating="1.0" max_rating="5.0" value="4.0" knowledge_key="cell_phones" feature_key="f251_call_quality" product_key="nokia_e71"/>
    <opinion timestamp="2009/08/17 00:24:12" min_rating="1.0" max_rating="5.0" value="2.0" knowledge_key="cell_phones" feature_key="f259_picture_quality" product_key="nokia_e75"/>
    <opinion timestamp="2009/08/17 00:24:12" min_rating="1.0" max_rating="5.0" value="3.0" knowledge_key="cell_phones" feature_key="f251_call_quality" product_key="nokia_e75"/>
    <opinion timestamp="2009/08/17 00:24:12" min_rating="1.0" max_rating="5.0" value="3.0" knowledge_key="cell_phones" feature_key="f279_video_quality" product_key="nokia_e75"/>
    <opinion timestamp="2009/08/17 00:24:12" min_rating="1.0" max_rating="5.0" value="3.0" knowledge_key="cell_phones" feature_key="f260_video_quality" product_key="nokia_e75"/>
    <opinion timestamp="2009/08/17 00:24:12" min_rating="1.0" max_rating="5.0" value="4.0" knowledge_key="cell_phones" feature_key="f259_picture_quality" product_key="nokia_n79"/>
    <opinion timestamp="2009/08/17 00:24:12" min_rating="1.0" max_rating="5.0" value="3.0" knowledge_key="cell_phones" feature_key="f251_call_quality" product_key="nokia_n79"/>
    <opinion timestamp="2009/08/17 00:24:12" min_rating="1.0" max_rating="5.0" value="4.0" knowledge_key="cell_phones" feature_key="f281_music_quality" product_key="nokia_n85"/>
    <opinion timestamp="2009/08/17 00:24:12" min_rating="1.0" max_rating="5.0" value="3.0" knowledge_key="cell_phones" feature_key="f283_screen_quality" product_key="nokia_n85"/>
    <opinion timestamp="2009/08/17 00:24:12" min_rating="1.0" max_rating="5.0" value="4.0" knowledge_key="cell_phones" feature_key="f259_picture_quality" product_key="nokia_n85"/>
    <opinion timestamp="2009/08/17 00:24:12" min_rating="1.0" max_rating="5.0" value="3.0" knowledge_key="cell_phones" feature_key="f260_video_quality" product_key="nokia_n85"/>
    <opinion timestamp="2009/08/17 00:24:12" min_rating="1.0" max_rating="5.0" value="4.0" knowledge_key="cell_phones" feature_key="f251_call_quality" product_key="nokia_n96"/>
    <opinion timestamp="2009/08/17 00:24:12" min_rating="1.0" max_rating="5.0" value="3.0" knowledge_key="cell_phones" feature_key="f279_video_quality" product_key="nokia_n96"/>
    <opinion timestamp="2009/08/17 00:24:12" min_rating="1.0" max_rating="5.0" value="3.0" knowledge_key="cell_phones" feature_key="f251_call_quality" product_key="palm_pre"/>
    <opinion timestamp="2009/08/17 00:24:12" min_rating="1.0" max_rating="5.0" value="3.0" knowledge_key="cell_phones" feature_key="f259_picture_quality" product_key="samsung_impression"/>
    <opinion timestamp="2009/08/17 00:24:12" min_rating="1.0" max_rating="5.0" value="4.0" knowledge_key="cell_phones" feature_key="f251_call_quality" product_key="samsung_impression"/>
    <opinion timestamp="2009/08/17 00:24:12" min_rating="1.0" max_rating="5.0" value="3.0" knowledge_key="cell_phones" feature_key="f260_video_quality" product_key="samsung_impression"/>
    <opinion timestamp="2009/08/17 00:24:12" min_rating="1.0" max_rating="5.0" value="2.0" knowledge_key="cell_phones" feature_key="f281_music_quality" product_key="samsung_instinct_s30"/>
    <opinion timestamp="2009/08/17 00:24:12" min_rating="1.0" max_rating="5.0" value="3.0" knowledge_key="cell_phones" feature_key="f259_picture_quality" product_key="samsung_instinct_s30"/>
    <opinion timestamp="2009/08/17 00:24:12" min_rating="1.0" max_rating="5.0" value="3.0" knowledge_key="cell_phones" feature_key="f251_call_quality" product_key="samsung_instinct_s30"/>
    <opinion timestamp="2009/08/17 00:24:12" min_rating="1.0" max_rating="5.0" value="2.0" knowledge_key="cell_phones" feature_key="f279_video_quality" product_key="samsung_instinct_s30"/>
    <opinion timestamp="2009/08/17 00:24:12" min_rating="1.0" max_rating="5.0" value="4.0" knowledge_key="cell_phones" feature_key="f251_call_quality" product_key="samsung_knack_sch-u310"/>
    <opinion timestamp="2009/08/17 00:24:12" min_rating="1.0" max_rating="5.0" value="4.0" knowledge_key="cell_phones" feature_key="f259_picture_quality" product_key="samsung_memoir_t929"/>
    <opinion timestamp="2009/08/17 00:24:12" min_rating="1.0" max_rating="5.0" value="4.0" knowledge_key="cell_phones" feature_key="f260_video_quality" product_key="samsung_memoir_t929"/>
    <opinion timestamp="2009/08/17 00:24:12" min_rating="1.0" max_rating="5.0" value="4.0" knowledge_key="cell_phones" feature_key="f259_picture_quality" product_key="samsung_omnia"/>
    <opinion timestamp="2009/08/17 00:24:12" min_rating="1.0" max_rating="5.0" value="4.0" knowledge_key="cell_phones" feature_key="f251_call_quality" product_key="samsung_omnia"/>
    <opinion timestamp="2009/08/17 00:24:12" min_rating="1.0" max_rating="5.0" value="3.0" knowledge_key="cell_phones" feature_key="f260_video_quality" product_key="samsung_omnia"/>
    <opinion timestamp="2009/08/17 00:24:12" min_rating="1.0" max_rating="5.0" value="3.0" knowledge_key="cell_phones" feature_key="f259_picture_quality" product_key="samsung_propel_pro"/>
    <opinion timestamp="2009/08/17 00:24:12" min_rating="1.0" max_rating="5.0" value="4.0" knowledge_key="cell_phones" feature_key="f251_call_quality" product_key="samsung_propel_pro"/>
    <opinion timestamp="2009/08/17 00:24:12" min_rating="1.0" max_rating="5.0" value="3.0" knowledge_key="cell_phones" feature_key="f279_video_quality" product_key="samsung_propel_pro"/>
    <opinion timestamp="2009/08/17 00:24:12" min_rating="1.0" max_rating="5.0" value="3.0" knowledge_key="cell_phones" feature_key="f260_video_quality" product_key="samsung_propel_pro"/>
    <opinion timestamp="2009/08/17 00:24:12" min_rating="1.0" max_rating="5.0" value="2.0" knowledge_key="cell_phones" feature_key="f281_music_quality" product_key="samsung_s8300_ultratouch"/>
    <opinion timestamp="2009/08/17 00:24:12" min_rating="1.0" max_rating="5.0" value="3.0" knowledge_key="cell_phones" feature_key="f283_screen_quality" product_key="samsung_s8300_ultratouch"/>
    <opinion timestamp="2009/08/17 00:24:12" min_rating="1.0" max_rating="5.0" value="4.0" knowledge_key="cell_phones" feature_key="f259_picture_quality" product_key="samsung_s8300_ultratouch"/>
    <opinion timestamp="2009/08/17 00:24:12" min_rating="1.0" max_rating="5.0" value="4.0" knowledge_key="cell_phones" feature_key="f251_call_quality" product_key="samsung_s8300_ultratouch"/>
    <opinion timestamp="2009/08/17 00:24:12" min_rating="1.0" max_rating="5.0" value="3.0" knowledge_key="cell_phones" feature_key="f279_video_quality" product_key="samsung_s8300_ultratouch"/>
    <opinion timestamp="2009/08/17 00:24:12" min_rating="1.0" max_rating="5.0" value="3.0" knowledge_key="cell_phones" feature_key="f260_video_quality" product_key="samsung_s8300_ultratouch"/>
    <opinion timestamp="2009/08/17 00:24:12" min_rating="1.0" max_rating="5.0" value="2.0" knowledge_key="cell_phones" feature_key="f281_music_quality" product_key="samsung_sgh-a657"/>
    <opinion timestamp="2009/08/17 00:24:12" min_rating="1.0" max_rating="5.0" value="3.0" knowledge_key="cell_phones" feature_key="f251_call_quality" product_key="samsung_sgh-a657"/>
    <opinion timestamp="2009/08/17 00:24:12" min_rating="1.0" max_rating="5.0" value="1.0" knowledge_key="cell_phones" feature_key="f279_video_quality" product_key="samsung_sgh-a657"/>
    <opinion timestamp="2009/08/17 00:24:12" min_rating="1.0" max_rating="5.0" value="4.0" knowledge_key="cell_phones" feature_key="f281_music_quality" product_key="samsung_trance"/>
    <opinion timestamp="2009/08/17 00:24:12" min_rating="1.0" max_rating="5.0" value="3.0" knowledge_key="cell_phones" feature_key="f283_screen_quality" product_key="samsung_trance"/>
    <opinion timestamp="2009/08/17 00:24:12" min_rating="1.0" max_rating="5.0" value="1.0" knowledge_key="cell_phones" feature_key="f259_picture_quality" product_key="samsung_trance"/>
    <opinion timestamp="2009/08/17 00:24:12" min_rating="1.0" max_rating="5.0" value="3.0" knowledge_key="cell_phones" feature_key="f251_call_quality" product_key="samsung_trance"/>
    <opinion timestamp="2009/08/17 00:24:12" min_rating="1.0" max_rating="5.0" value="1.0" knowledge_key="cell_phones" feature_key="f259_picture_quality" product_key="sanyo_scp-2700"/>
    <opinion timestamp="2009/08/17 00:24:12" min_rating="1.0" max_rating="5.0" value="4.0" knowledge_key="cell_phones" feature_key="f251_call_quality" product_key="sanyo_scp-2700"/>
    <opinion timestamp="2009/08/17 00:24:12" min_rating="1.0" max_rating="5.0" value="3.0" knowledge_key="cell_phones" feature_key="f281_music_quality" product_key="sony_ericsson_w508"/>
    <opinion timestamp="2009/08/17 00:24:12" min_rating="1.0" max_rating="5.0" value="2.0" knowledge_key="cell_phones" feature_key="f283_screen_quality" product_key="sony_ericsson_w508"/>
    <opinion timestamp="2009/08/17 00:24:12" min_rating="1.0" max_rating="5.0" value="2.0" knowledge_key="cell_phones" feature_key="f259_picture_quality" product_key="sony_ericsson_w508"/>
    <opinion timestamp="2009/08/17 00:24:12" min_rating="1.0" max_rating="5.0" value="4.0" knowledge_key="cell_phones" feature_key="f251_call_quality" product_key="sony_ericsson_w508"/>
    <opinion timestamp="2009/08/17 00:24:12" min_rating="1.0" max_rating="5.0" value="2.0" knowledge_key="cell_phones" feature_key="f279_video_quality" product_key="sony_ericsson_w508"/>
    <opinion timestamp="2009/08/17 00:24:12" min_rating="1.0" max_rating="5.0" value="1.0" knowledge_key="cell_phones" feature_key="f260_video_quality" product_key="sony_ericsson_w508"/>
    <opinion timestamp="2009/08/17 00:24:12" min_rating="1.0" max_rating="5.0" value="3.0" knowledge_key="cell_phones" feature_key="f259_picture_quality" product_key="sony_ericsson_xperia_x1"/>
    <opinion timestamp="2009/08/17 00:24:12" min_rating="1.0" max_rating="5.0" value="4.0" knowledge_key="cell_phones" feature_key="f251_call_quality" product_key="sony_ericsson_xperia_x1"/>
    <opinion timestamp="2009/08/17 00:24:12" min_rating="1.0" max_rating="5.0" value="3.0" knowledge_key="cell_phones" feature_key="f260_video_quality" product_key="sony_ericsson_xperia_x1"/>



  </authored>
</user>
